{"language":"fa","timeZone":"Asia/Tehran","server":{"host":"185.142.158.179","port":80,"timeout":30,"baseUri":"plesk-site-preview/libhost.ir/185.142.158.179/sana-server"},"branch":{"token":"bGliaG9zdDoxMjM="},"dateFormat":"Y/m/d","timeFormat":"H:i","dateTimeFormat":"Y/m/d - H:i","sms":{"enabled":true,"username":"09121514098","password":"Zanbagh2","lineNumber":"30004505004051","events":{"afterMessage":true,"afterNotification":true}},"email":{"enabled":true,"events":{"afterMessage":false,"afterNotification":true},"encryption":"ssl","port":"465","host":"server280.bertina.us","from":"info@rahbod.com","username":"info@rahbod.com","password":";qh$,uk87z44"},"defaultRole":"admin","dropdownSize":50,"gridSize":20,"uniqueFields":{"name":false,"serial":false,"place":false},"shortcutKeys":{"openAddForm":"Ctrl_o","openEditForm":"Ctrl_e","saveAndExit":"Ctrl_s","saveWithoutRefresh":"Ctrl_d","saveAndRefresh":"Alt_s","openNotificationsModal":"Alt_n","openMessagesModal":"Alt_m","openRequestsModal":"Alt_r"},"notificationText":{"Item":{"sms":{"category":"سلام\r\n\"{item_name}\" در موضوع \"{subject_name}\" اضافه گردید.","person":"","tag":""},"email":{"category":"","person":"","tag":""},"vars":["{item_name}","{subject_name}"]}},"faNum":true,"personsID":1,"publishersID":2}